Business Name,Address,Phone,Website
Wren Kitchens,· Trimdon Street,· 0191 558 0007,https://www.google.com/aclk?sa=L&ai=DChsSEwifqr728raSAxVRmlAGHZkRIyEYACICCAEQABoCZGc&co=1&ase=2&gclid=Cj0KCQiA7fbLBhDJARIsAOAqhsdkOev0GfqyzKTiBITC-9A0v8Fqu8saazfunqMWD4zDfqvlAQwmWBQaAuUXEALw_wcB&cce=2&category=acrcp_v1_32&sig=AOD64_0iKH4HVkDD5PppUKvIuQiGqehm-Q&adurl&q&ctype=99&nis=6
Wickes Newcastle,· Stamfordham Road,· 0191 228 8050,https://www.google.com/aclk?sa=L&ai=DChsSEwifqr728raSAxVRmlAGHZkRIyEYACICCAEQARoCZGc&ae=2&aspm=1&co=1&ase=2&gclid=Cj0KCQiA7fbLBhDJARIsAOAqhsezvd60-u-p3wN1Ap-0NYS5vG23Zb-nj4c-wfQcKmaIrWR-sEUW0ZsaAgHSEALw_wcB&cce=2&category=acrcp_v1_35&sig=AOD64_10nvRRiv4kD_WXTN74cW_--RBwOw&adurl&q&ctype=99&nis=6
I Fit Kitchens,Kitchen Renovator,· 07795 058103,https://ifitkitchens.co.uk/
Cavendish Kitchens & Bedrooms Ltd,"· North Tyne Industrial Estate, Whitley Rd",· 0191 266 0211,https://www.cavendish-kbb.co.uk/
Interiors by Build NE,"· Benton Square Industrial Estate, 4 Wesley Dr",07817 744557,https://www.interiorsbybuildne.co.uk/
JB Joinery & Interiors LTD,"· Suite 2.05, Swans Centre For Innovation",· 07710 557709,https://jb-developments.co.uk/
Ar kitchens bedrooms and bathrooms,· Unit 18 Brough Park Way,· 0191 466 1156,http://www.arkitchensandbedrooms.com/
Hedley Hughes Home Improvements Ltd,· 54 Rosewood Cl,· 07563 540312,http://www.hedleyhughes.com/
Benchmarx Kitchen Showroom,"· Unit 4A, North Tyne Industrial Estate, Whitley Rd",· 0191 259 9524,https://www.benchmarxkitchens.co.uk/branches/newcastle-longbenton?y_source=1_MTA4ODc1ODk2NC03MTUtbG9jYXRpb24ud2Vic2l0ZQ%3D%3D
kitchen quartz and granite worktops newcastle upon tyne,· 23 Barnstaple Rd,· 0191 603 0009,https://sites.google.com/view/kitchenquartzgraniteworktops/
Bulldog Kitchens & Bedrooms,"· 9, Kenton Park Shopping Centre, Kenton Rd",· 0191 284 2233,https://www.bulldogkitchens.co.uk/
W.B Joinery & kitchen's,Kitchen Renovator,· 07862 723719,
Reface,· 85 Westoe Rd,· 0191 456 3718,https://www.refacegroup.co.uk/
Kevin Richardson Bespoke Ltd,· 37 Magenta Cres,· 0191 264 9207,http://www.kevinrichardsonbespoke.co.uk/
LIFESTYLE KBB LTD,· 83 Stephenson Rd,· 0191 266 2596,https://www.lifestylekbbltd.com/
N B Kitchen & Bedrooms,· ,· 0191 455 6004,https://www.nbikitchens.co.uk/
Father & Son Kitchens,Kitchen Renovator,· 07840 343200,https://father-son-kitchens.ueniweb.com/?utm_campaign=gmb
G.McK Joinery & Building Services,· 13 Radstock Pl,· 07702 788334,https://nextdoor.co.uk/pages/gmck-joinery/
inspired installations,· 73 Wardley Dr,· 07497 247762,http://www.inspired-installations.com/
"BB Trade Kitchens & Bedrooms Newcastle - Design, Build & Fitted",· Brunswick Industrial Estate,· 0191 691 1665,https://www.bbtradekitchensandbedrooms.co.uk/
My Kitchen Refurb,"· Unit A, Crisanden Court, Brunswick Ind Est, Cobra House",01670 639083,http://www.mykitchenrefurb.co.uk/
Wren Kitchens,"· Silverlink point, Shopping Park",· 0191 300 9019,https://www.wrenkitchens.com/showrooms/north_shields?utm_source=google&utm_medium=organic&utm_campaign=google-local