Business Name,Lead Name,Email,Phone,Website
Rooftops North East,,,· 07504 678253,http://www.rooftopsne.co.uk/
Right Choice Roofing and Reclamation,,,· 07546 468496,https://sitelift.site/rightchoiceroofingandreclamation/
Ken Smith Roofing Ltd,,,· 0191 706 8229,http://www.kensmithroofing.co.uk/
Northern Heights Roofing Ltd,,,· 07304 250679,https://www.northernheightsroofing.co.uk/
Willow Roofing NE,,,· 07562 870528,http://www.willowroofingne.co.uk/
P Cullen Roofing & Building,,,· 0191 266 1274,http://www.pcullenroofing.co.uk/
Watson and sons roofing,,,· 07482 577993,http://watsonroofer.co.uk/
DB Roofing & Building Maintenance,,,· 07791 058669,https://dbroofingandbuildingmaintenance.co.uk/
Endura Flat Roofing Ltd,,,· 0191 236 3008,https://www.enduraflatroofing.co.uk/
Axa Roofing North East,,,· 07944 853470,https://axaroofingnortheast.co.uk/
CJB Roofing and Repairs,,,· 07553 480678,https://cjbroofingrepairs.com/
North Edge Roofing LTD,,,· 01670 569186,https://www.northedgeroofing.co.uk/
COLOURED PROFILE SYSTEMS,,,07782 142358,https://colouredprofiles.co.uk/
Lord Roofing & Grounds Works LTD,,,· 0191 406 1724,https://www.lordroofing.co.uk/roofers-newcastle/
Hadrian's Home Improvements Ltd,,,· 0191 303 9869,http://www.hadrians.co/
Chris Moody Roofing,,,· 07887 814277,http://www.chrismoodyroofing.co.uk/
K L Smith Roofing Limited,,,· 0191 263 8817,https://www.klsmithroofingltd.co.uk/
Bowman Roofing Services Ltd,,,· 0191 625 0807,https://www.google.com/aclk?sa=L&ai=DChsSEwj97cm48qSSAxXXgFAGHccgJLoYACICCAEQARoCZGc&co=1&ase=2&gclid=Cj0KCQiA-NHLBhDSARIsAIhe9X1e_k35TS7_gLghdiYoKF6v8iNnqwtfJNv5_2cgR1mFbnKMlk4EdtcaAsM0EALw_wcB&cce=2&category=acrcp_v1_32&sig=AOD64_1DAEg5BV0k6fAGR0ci37ha4JZZqQ&adurl&q&ctype=99&nis=6
Trustmark Roofing and Building Ltd,,,· 0191 489 5555,https://www.google.com/aclk?sa=L&ai=DChsSEwj97cm48qSSAxXXgFAGHccgJLoYACICCAEQABoCZGc&co=1&ase=2&gclid=Cj0KCQiA-NHLBhDSARIsAIhe9X3y7YOt_W_R5WIXgURwZGDrZVKKq0Jp7RP2TO-65yjEDoho_-XmMjIaAi4gEALw_wcB&cce=2&category=acrcp_v1_32&sig=AOD64_0rzCZBJ_dzwY_3AsEWLvOilI4uRQ&adurl&q&ctype=99&nis=6
Shaun Hedley Roofing,,,,https://www.shaunhedleyroofing.co.uk/
Oliver Roofing Ltd,,,· 07453 361234,https://www.johnoliverroofingltd.co.uk/
A Sainter Roofing Services,,,0191 236 4585,http://www.asainterroofing.co.uk/
McCluskey Roofing,,,· 0191 468 2893,https://mccluskeyroofingltd.co.uk/
North East Contractors Ltd - Roofers Whitley Bay,,,· 0191 375 8532,https://northeastcontractorsltd.co.uk/
Roof Pro Roofing & Cladding Specialists,,,· 07592 128935,http://www.roofproroofingandcladding.co.uk/
National Roofing Contractors Ltd,,,· 07802 448623,https://nationalroofingcontractors.co.uk/
Burton Roofing Merchants - Newcastle Upon Tyne,,,· 0191 218 0060,https://www.burtonroofing.co.uk/depot-locator/Burton-Roofing-Merchants-Newcastle-/
Tyne Roofing,,,· 07818 162628,https://tyneroofing.com/
Expert Flat Roofing Services,,,· 0191 622 1099,https://www.expertflatroofingservices.co.uk/
Future Tech Roofing Ltd,,,Closed · Opens 9 am Mon,https://www.futuretechroofing.ltd/
Flat Roof Newcastle,,,· 07835 254241,https://www.flatroofsnewcastle.co.uk/
The New Roof Company Ltd,,,· 0191 637 5085,https://www.newroofcompany.co.uk/
DR Roofing,,,· 07703 681909,https://dr-roofing.com/
Allweather Windows,,,· 0191 268 2249,http://www.allweatherwindows.co.uk/
G B Roofing Ltd,,,· 0191 217 0202,http://www.gbroofingltd.com/
MKS Roofing,,,· 028 4378 0754,https://mksroofing.co.uk/
Bowman Roofing Services Ltd,,,· 0191 625 0807,https://www.google.com/aclk?sa=L&ai=DChsSEwjT2Ny68qSSAxUJlVAGHe_OL5oYACICCAEQARoCZGc&co=1&ase=2&gclid=Cj0KCQiA-NHLBhDSARIsAIhe9X2KtPyQ8ByJcyYrIB2hcG7rjzj68NH6LrPN3vLbtzhOrDG-99X939caAgjREALw_wcB&cce=2&category=acrcp_v1_32&sig=AOD64_1gizFmmluiWo27QGES1BMG2-fOuQ&adurl&q&ctype=99&nis=6
Trustmark Roofing and Building Ltd,,,· 0191 489 5555,https://www.google.com/aclk?sa=L&ai=DChsSEwjT2Ny68qSSAxUJlVAGHe_OL5oYACICCAEQABoCZGc&co=1&ase=2&gclid=Cj0KCQiA-NHLBhDSARIsAIhe9X2evWlqexkyXGHrouz8ALj3KOkxlPZw9G9qugjSJO2IjdzE0XHWg9QaAlByEALw_wcB&cce=2&category=acrcp_v1_32&sig=AOD64_0bDYgbkGjtj8ng4WmIDDeUuHL4lg&adurl&q&ctype=99&nis=6
Trevor Smeaton Roofing Services,,,· 0191 280 0575,http://www.smeatonroofing.co.uk/
R J Rowley Roofing LTD,,,· 07903 881671,http://www.rjrowleyroofing.co.uk/
Highline Roofing Ltd,,,· 07340 280420,https://highlineroofing.uk/
"Avatar Roofing , Pointing And Damp Issues and Joinery Services",,,· 07821 066052,http://avatarroofing.co.uk/
Aquaproof Roofing Ltd (Newcastle Upon Tyne),,,· 07939 393777,https://www.rooferinwhitleybay.co.uk/
DWM Roofing & Building Contractors,,,· 07984 190567,https://dwmroofing.co.uk/
Mallard Roofing Co,,,· 01670 898126,https://mallardroofing.co.uk/
Malcolm Thornton roofing,,,,https://www.elmsfordroofing.co.uk/
Brosnan Roofing,,,· 07593 809412,https://www.brosnanroofing.com/
Rubber Roofs Flat Roofing Newcastle,,,· 0191 477 5050,https://rubberoofs.co.uk/
Roof-Rite North East,,,· 0191 240 4004,https://www.roof-ritene.co.uk/