Website,Found Emails,Name Guess
http://www.gbroofingltd.com/,info@gbroofingltd.com,
https://www.newroofcompany.co.uk/,info@newroofcompany.co.uk,
https://dwmroofing.co.uk/,Dwmroofing@icloud.com,Dwmroofing
http://www.asainterroofing.co.uk/,"react-dom@18.3.1, focus-within-polyfill@5.0.9, 605a7baede844d278b89dc95ae0a9123@sentry-next.wixpress.com, react@18.3.1, lodash@4.17.21, core-js-bundle@3.2.1, intl-segmenter@11.7.10, 8eb368c655b84e029ed79ad7a5c1718e@sentry.wixpress.com",React-dom
https://www.brosnanroofing.com/,"user@domain.com., admin@brosnanroofing.com",User
http://www.smeatonroofing.co.uk/,,
https://www.johnoliverroofingltd.co.uk/,,
https://www.rooferinwhitleybay.co.uk/,,
http://www.gcrosbyroofing.co.uk/,,
http://www.roofproroofingandcladding.co.uk/,roofproroofing@mail.com,Roofproroofing
https://mallardroofing.co.uk/,,
http://www.hewitsonroofing.com/,carl@hewitsonroofing.com,Carl
https://www.crosbyandsmithroofing.co.uk/,,
https://mksroofing.co.uk/,"mark@mksroofing.co.uk., 9a65e97ebe8141fca0c4fd686f70996b@sentry.wixpress.com, react-dom@18.3.1, focus-within-polyfill@5.0.9, 605a7baede844d278b89dc95ae0a9123@sentry-next.wixpress.com, mark@mksroofing.co.uk, 79baaa8e09c746d2b7401643b99792e0@sentry.wixpress.com, react@18.3.1, dd0a55ccb8124b9c9d938e3acf41f8aa@sentry.wixpress.com, 8c4075d5481d476e945486754f783364@sentry.io, lodash@4.17.21, c183baa23371454f99f417f6616b724d@sentry.wixpress.com, core-js-bundle@3.2.1, intl-segmenter@11.7.10, 8eb368c655b84e029ed79ad7a5c1718e@sentry.wixpress.com",Mark
https://rooftrust.co.uk/,,
https://dr-roofing.com/,support@infor.com,Support
https://rubberoofs.co.uk/,"admin@rubberoofs.co.uk, info@rubberoofs.co.uk, 22info@rubberoofs.co.uk",
https://www.flatroofsnewcastle.co.uk/,,
https://www.roof-ritene.co.uk/,info@roof-ritene.co.uk,
http://www.monumentroofingbuilding.co.uk/,info@monumentroofingbuilding.co.uk,
https://www.rytonroofers.co.uk/,,
http://avatarroofing.co.uk/,,
https://www.tandtroofingnortheast.co.uk/,,
http://jarroofing.co.uk/,info@jarroofing.co.uk,
http://www.facebook.com/A.R.Roofing.specialist,,
https://northumberlandroofing.uk/,info@northumberlandroofing.uk,
http://www.mcroofing.co.uk/,"enquiries@Mccne.co.uk, enquiries@mcroofing.co.uk",Enquiries
https://estatesroofing.co.uk/,,
http://www.centralroofingcontracts.co.uk/,"admin@centralroofingcontracts.co.uk, info@centralroofingcontracts.co.uk",
https://heritageroofing.ltd/,hello@heritageroofingnortheast.co.uk,Hello
https://www.jdroofingandbuildingltd.com/,"react-dom@18.3.1, focus-within-polyfill@5.0.9, 605a7baede844d278b89dc95ae0a9123@sentry-next.wixpress.com, email@example.com, react@18.3.1, jim@jdroofingandbuildingltd.com, lodash@4.17.21, core-js-bundle@3.2.1, intl-segmenter@11.7.10, 8eb368c655b84e029ed79ad7a5c1718e@sentry.wixpress.com",React-dom
http://chrisyoungroofing.co.uk/,,
https://www.roofing-company.co.uk/newcastle,"react-dom@18.3.1, focus-within-polyfill@5.0.9, 605a7baede844d278b89dc95ae0a9123@sentry-next.wixpress.com, react@18.3.1, info@cullencontractors.co.uk, dd0a55ccb8124b9c9d938e3acf41f8aa@sentry.wixpress.com, 8c4075d5481d476e945486754f783364@sentry.io, lodash@4.17.21, c183baa23371454f99f417f6616b724d@sentry.wixpress.com, 2062d0a4929b45348643784b5cb39c36@sentry.wixpress.com, core-js-bundle@3.2.1, intl-segmenter@11.7.10",React-dom
https://marleypaulsmithroofing.com/,,
https://www.trustmarkroofingandbuilding.co.uk/,info@trustmarkroofingandbuilding.co.uk,
https://dennisonroofingservices.co.uk/,info@dennisonroofingservices.co.uk,
https://dvcroofing.net/,enquiries@dvcroofing.net,Enquiries
http://www.roofingandproperty.co.uk/,,
https://www.armstrongroofing.expert/,"hello@elementuikit.com, support@armstrongroofing.expert, matt@armstrongroofing.expert",Hello
https://ne1roofing.co.uk/,info@ne1roofing.co.uk,
http://www.riagroupbuilding.co.uk/,"react-dom@18.3.1, focus-within-polyfill@5.0.9, 605a7baede844d278b89dc95ae0a9123@sentry-next.wixpress.com, react@18.3.1, lodash@4.17.21, core-js-bundle@3.2.1, intl-segmenter@11.7.10, 8eb368c655b84e029ed79ad7a5c1718e@sentry.wixpress.com",React-dom
https://m-snaith-roofing-services.ueniweb.com/?utm_campaign=gmb,abmroofing@hotmail.co.uk,Abmroofing
http://www.apexroofingspecialists.co.uk/,"web@digitalnrg.co.uk, info@apexroofingspecialists.co.uk",Web
https://highlineroofing.uk/,"info.highlineroofing@icloud.com, react-dom@18.3.1, focus-within-polyfill@5.0.9, 605a7baede844d278b89dc95ae0a9123@sentry-next.wixpress.com, 79baaa8e09c746d2b7401643b99792e0@sentry.wixpress.com, react@18.3.1, highlineroofing@mail.com, lodash@4.17.21, core-js-bundle@3.2.1, intl-segmenter@11.7.10, 8eb368c655b84e029ed79ad7a5c1718e@sentry.wixpress.com",
http://www.northeastindustrialroofing.co.uk/,craig@northeastindustrialroofing.co.uk,Craig
https://www.realroofingltd.co.uk/,,
https://www.google.com/aclk?sa=L&ai=DChsSEwi__Imny6mSAxU-h1AGHfMGI1IYACICCAEQARoCZGc&co=1&ase=2&gclid=Cj0KCQiAvtzLBhCPARIsALwhxdo_b8ODvqK4pZ5_LKdzKHnldQ2qbED81SOeQoNtL9pYDm0WhIXjMsQaAvGFEALw_wcB&cce=2&category=acrcp_v1_32&sig=AOD64_3Q0CC3uMVJbopwDIfyL0DuvuJxoQ&adurl&q&ctype=99&nis=6,,
https://www.google.com/aclk?sa=L&ai=DChsSEwi__Imny6mSAxU-h1AGHfMGI1IYACICCAEQABoCZGc&co=1&ase=2&gclid=Cj0KCQiAvtzLBhCPARIsALwhxdo5JSGxYiMqyzhED47RxsUZgLByMXRf48-sfZ9WDGSYDEFe1O7FuIsaAs1dEALw_wcB&cce=2&category=acrcp_v1_32&sig=AOD64_1ZjaBKHqwEmXCrrgIFX-DdRQrSoA&adurl&q&ctype=99&nis=6,"sales@bowmanroofing.co.uk, johndoe@company.com",Sales
http://www.roofingmasterstyneandwear.co.uk/,"react-dom@18.3.1, focus-within-polyfill@5.0.9, 605a7baede844d278b89dc95ae0a9123@sentry-next.wixpress.com, email@example.com, react@18.3.1, roofingmasters@hotmail.co.uk, lodash@4.17.21, core-js-bundle@3.2.1, intl-segmenter@11.7.10, 8eb368c655b84e029ed79ad7a5c1718e@sentry.wixpress.com",React-dom
http://www.celestialroofing.co.uk/,enquiries@celestialroofing.co.uk,Enquiries
https://www.northumberlandroofer.co.uk/roofer-in-ponteland/,,
http://www.industrialroofingservices.co.uk/,"info@industrialroofingservices.co.uk., info@industrialroofingservices.co.uk",
https://www.emperorroofing.co.uk/,,
http://www.jramsayroofing.co.uk/,"react-dom@18.3.1, focus-within-polyfill@5.0.9, 605a7baede844d278b89dc95ae0a9123@sentry-next.wixpress.com, 79baaa8e09c746d2b7401643b99792e0@sentry.wixpress.com, react@18.3.1, 18d2f96d279149989b95faf0a4b41882@sentry-next.wixpress.com, jramsayroofingltd@gmail.com, 5d1795a2db124a268f1e1bd88f503500@sentry.wixpress.com, example@mysite.com., lodash@4.17.21, core-js-bundle@3.2.1, intl-segmenter@11.7.10, 8eb368c655b84e029ed79ad7a5c1718e@sentry.wixpress.com",React-dom
http://elliottspoors.co.uk/,Elliottspoorsroofing@yahoo.com,Elliottspoorsroofing
http://www.commercialroofingnewcastle.co.uk/2292192.html,hugh.thompson1@sky.com,
https://kenthompsonroofing.com/contacts/,,
https://www.peaklineroofingspecialists.co.uk/,,
http://www.ewsroofing.co.uk/,"react-dom@18.3.1, focus-within-polyfill@5.0.9, 605a7baede844d278b89dc95ae0a9123@sentry-next.wixpress.com, react@18.3.1, lodash@4.17.21, core-js-bundle@3.2.1, intl-segmenter@11.7.10, 8eb368c655b84e029ed79ad7a5c1718e@sentry.wixpress.com",React-dom
http://gkroofing.co.uk/,info@gkroofing.co.uk,
https://www.bowmanroofing.co.uk/,sales@bowmanroofing.co.uk,Sales
https://whitleybayroofers.co.uk/,,
http://www.falcusroofingltd.co.uk/,"falcusroofing@outlook.com, react-dom@18.3.1, focus-within-polyfill@5.0.9, 605a7baede844d278b89dc95ae0a9123@sentry-next.wixpress.com, email@example.com, react@18.3.1, lodash@4.17.21, core-js-bundle@3.2.1, intl-segmenter@11.7.10, 8eb368c655b84e029ed79ad7a5c1718e@sentry.wixpress.com",Falcusroofing
http://jarrowroofing.com/,,
https://www.google.com/aclk?sa=L&ai=DChsSEwiA8Ouxy6mSAxUwlVAGHT4QDbMYACICCAEQARoCZGc&co=1&ase=2&gclid=Cj0KCQiAvtzLBhCPARIsALwhxdqvRrRKdL7JxbOQ1N861hfghk16k6frQAo1FEnlkgEmaVRUZ7-P-K4aApEFEALw_wcB&cce=2&category=acrcp_v1_32&sig=AOD64_0MHsdlAdvKkbx7K5uiPrWpzSzBMQ&adurl&q&ctype=99&nis=6,,
https://www.google.com/aclk?sa=L&ai=DChsSEwiA8Ouxy6mSAxUwlVAGHT4QDbMYACICCAEQABoCZGc&co=1&ase=2&gclid=Cj0KCQiAvtzLBhCPARIsALwhxdqFXMI3Pt4K1MyZR-EGx95XJwqyasTfJkp61phb0FhobtYGlI8CKVAaAuUjEALw_wcB&cce=2&category=acrcp_v1_32&sig=AOD64_1_gnM_yU4hnodAbw5oSGC2E7eEXg&adurl&q&ctype=99&nis=6,"sales@bowmanroofing.co.uk, johndoe@company.com",Sales
http://arrivaroofingandbuilding.co.uk/,,
http://www.davidsonbuildingservices.co.uk/,,
http://www.jasway.co.uk/,,
http://www.goodroofer.co.uk/,info@goodroofer.co.uk,
http://www.ronrobinsonroofing.co.uk/,,
https://ckm-roofing-and-cladding.ueniweb.com/?utm_campaign=gmb,"carlmcbride.cm@gmail.com, Carlmcbride.cm@gmail.com, Info@ckmroofingandcladding.co.uk",
https://roofingcompanysunderland.co.uk/,wght@100..900,Wght
https://www.jlambandsonroofing.co.uk/,lambllm@btinternet.com,Lambllm
https://www.northumberlandroofer.co.uk/roofer-in-birtley/,,
https://www.tyneandwearroofer.co.uk/roofer-in-birtley/,,
http://www.warmestroof.online/,,
https://northeastroofingcontractors.co.uk/,info@northeastroofingcontractors.co.uk,
http://www.wakefieldroofingsunderland.co.uk/,contact@wakefieldroofingsunderland.co.uk,Contact
https://www.northumberlandroofer.co.uk/roofer-in-morpeth/,,
http://johnsullivanroofingservices.co.uk/,,
