Business Name,Services,Phone,Website,Status
G B Roofing Ltd,Roofing,· 0191 217 0202,http://www.gbroofingltd.com/,Not Sent Email
The New Roof Company Ltd,Roofing,· 0191 637 5085,https://www.newroofcompany.co.uk/,Not Sent Email
DWM Roofing & Building Contractors,Roofing,· 07984 190567,https://dwmroofing.co.uk/,Not Sent Email
A Sainter Roofing Services,Roofing,0191 236 4585,http://www.asainterroofing.co.uk/,Not Sent Email
Brosnan Roofing,Roofing,· 07593 809412,https://www.brosnanroofing.com/,Not Sent Email
Trevor Smeaton Roofing Services,Roofing,· 0191 280 0575,http://www.smeatonroofing.co.uk/,Not Sent Email
Oliver Roofing Ltd,Roofing,· 07453 361234,https://www.johnoliverroofingltd.co.uk/,Not Sent Email
Aquaproof Roofing Ltd (Newcastle Upon Tyne),Roofing,· 07939 393777,https://www.rooferinwhitleybay.co.uk/,Not Sent Email
G Crosby Roofing Services,Roofing,· 07595 336537,http://www.gcrosbyroofing.co.uk/,Not Sent Email
Roof Pro Roofing & Cladding Specialists,Roofing,· 07592 128935,http://www.roofproroofingandcladding.co.uk/,Not Sent Email
Mallard Roofing Co,Roofing,· 01670 898126,https://mallardroofing.co.uk/,Not Sent Email
Hewitson North East Roofing Contractors,Roofing,· 07974 295346,http://www.hewitsonroofing.com/,Not Sent Email
Crosby & Smith Roofing LTD,Roofing,· 07595 336537,https://www.crosbyandsmithroofing.co.uk/,Not Sent Email
MKS Roofing,Roofing,· 028 4378 0754,https://mksroofing.co.uk/,Not Sent Email
Roof Trust,Roofing,· 07538 081134,https://rooftrust.co.uk/,Not Sent Email
DR Roofing,Roofing,· 07703 681909,https://dr-roofing.com/,Not Sent Email
Rubber Roofs Flat Roofing Newcastle,Roofing,· 0191 477 5050,https://rubberoofs.co.uk/,Not Sent Email
Flat Roof Newcastle,Roofing,· 07835 254241,https://www.flatroofsnewcastle.co.uk/,Not Sent Email
Roof-Rite North East,Roofing,· 0191 240 4004,https://www.roof-ritene.co.uk/,Not Sent Email
Monument Roofing & Building (North East) Ltd,Roofing,· 0191 419 2509,http://www.monumentroofingbuilding.co.uk/,Not Sent Email
Ryton Roofers Ltd,Roofing,0191 500 1991,https://www.rytonroofers.co.uk/,Not Sent Email
"Avatar Roofing , Pointing And Damp Issues and Joinery Services",Roofing,· 07821 066052,http://avatarroofing.co.uk/,Not Sent Email
T&T Roofing NE Ltd,Roofing,· 07595 773129,https://www.tandtroofingnortheast.co.uk/,Not Sent Email
Jar Roofing,Roofing,0191 237 5832,http://jarroofing.co.uk/,Not Sent Email
A&R Roofing and Home Improvement Ltd,Roofing,· 07534 976285,http://www.facebook.com/A.R.Roofing.specialist,Not Sent Email
Northumberland Roofing,Roofing,· 01670 569237,https://northumberlandroofing.uk/,Not Sent Email
M & C Roofing Contractors,Roofing,· 0191 236 7901,http://www.mcroofing.co.uk/,Not Sent Email
Estates Roofing,Roofing,· 0191 625 0919,https://estatesroofing.co.uk/,Not Sent Email
Central Roofing Contractors,Roofing,· 0191 285 7536,http://www.centralroofingcontracts.co.uk/,Not Sent Email
Heritage Roofing,Roofing,· 0191 704 2133,https://heritageroofing.ltd/,Not Sent Email
JD Roofing & Building Ltd,Roofing,· 0191 691 5272,https://www.jdroofingandbuildingltd.com/,Not Sent Email
Chris Young Roofing,Roofing,01670 730997,http://chrisyoungroofing.co.uk/,Not Sent Email
Newcastle And Gateshead Roofers. Roofing Specialists In Newcastle and Gateshead.,Roofing,· 07806 457276,https://www.roofing-company.co.uk/newcastle,Not Sent Email
Marley Paul Smith Roofing Services Ltd,Roofing,· 01670 828688,https://marleypaulsmithroofing.com/,Not Sent Email
Trustmark Roofing and Building Ltd,Roofing,· 0191 489 5555,https://www.trustmarkroofingandbuilding.co.uk/,Not Sent Email
Dennison Roofing Services,Roofing,· 0191 429 7457,https://dennisonroofingservices.co.uk/,Not Sent Email
DVC Commercial Roofing Contractors,Roofing,· 0191 416 6039,https://dvcroofing.net/,Not Sent Email
D Smith Roofing,Roofing,· 07535 515607,http://www.roofingandproperty.co.uk/,Not Sent Email
A. Armstrong Roofing Est.1976,Roofing,· 0191 416 8848,https://www.armstrongroofing.expert/,Not Sent Email
NE1 Roofing,Roofing,· 07832 615597,https://ne1roofing.co.uk/,Not Sent Email
RIA Group Building 24/7 Roofing and Plumbing,Roofing,· 07376 102517,http://www.riagroupbuilding.co.uk/,Not Sent Email
M Snaith Roofing Services,Roofing,· 07846 104910,https://m-snaith-roofing-services.ueniweb.com/?utm_campaign=gmb,Not Sent Email
Apex Roofing Specialists Ltd,Roofing,· 0191 260 0653,http://www.apexroofingspecialists.co.uk/,Not Sent Email
Highline Roofing Ltd,Roofing,· 07340 280420,https://highlineroofing.uk/,Not Sent Email
North East Industrial Roofing Ltd,Roofing,· 07969 240071,http://www.northeastindustrialroofing.co.uk/,Not Sent Email
Real Roofing Ltd,Roofing,· 07881 206909,https://www.realroofingltd.co.uk/,Not Sent Email
Trustmark Roofing and Building Ltd,Roofing,· 0191 489 5555,https://www.google.com/aclk?sa=L&ai=DChsSEwi__Imny6mSAxU-h1AGHfMGI1IYACICCAEQARoCZGc&co=1&ase=2&gclid=Cj0KCQiAvtzLBhCPARIsALwhxdo_b8ODvqK4pZ5_LKdzKHnldQ2qbED81SOeQoNtL9pYDm0WhIXjMsQaAvGFEALw_wcB&cce=2&category=acrcp_v1_32&sig=AOD64_3Q0CC3uMVJbopwDIfyL0DuvuJxoQ&adurl&q&ctype=99&nis=6,Not Sent Email
Bowman Roofing Services Ltd,Roofing,· 0191 625 0807,https://www.google.com/aclk?sa=L&ai=DChsSEwi__Imny6mSAxU-h1AGHfMGI1IYACICCAEQABoCZGc&co=1&ase=2&gclid=Cj0KCQiAvtzLBhCPARIsALwhxdo5JSGxYiMqyzhED47RxsUZgLByMXRf48-sfZ9WDGSYDEFe1O7FuIsaAs1dEALw_wcB&cce=2&category=acrcp_v1_32&sig=AOD64_1ZjaBKHqwEmXCrrgIFX-DdRQrSoA&adurl&q&ctype=99&nis=6,Not Sent Email
Roofing Masters,Roofing,· 0191 526 3565,http://www.roofingmasterstyneandwear.co.uk/,Not Sent Email
Celestial Roofing LTD,Roofing,· 0191 406 5430,http://www.celestialroofing.co.uk/,Not Sent Email
Paul Donnelly Roofing,Roofing,· 07432 576311,https://www.northumberlandroofer.co.uk/roofer-in-ponteland/,Not Sent Email
Industrial Roofing Services NE Ltd,Roofing,· 07961 839260,http://www.industrialroofingservices.co.uk/,Not Sent Email
Emperor Roofing NE LTD,Roofing,· 0191 731 4590,https://www.emperorroofing.co.uk/,Not Sent Email
J Ramsay Roofing,Roofing,· 07944 384884,http://www.jramsayroofing.co.uk/,Not Sent Email
Elliott Spoors Roofing & Cladding Services Ltd,Roofing,· 07449 311611,http://elliottspoors.co.uk/,Not Sent Email
H Thompson Roofing LTD,Roofing,0191 265 1580,http://www.commercialroofingnewcastle.co.uk/2292192.html,Not Sent Email
Ken Thompson Roofing,Roofing,· 0191 469 5554,https://kenthompsonroofing.com/contacts/,Not Sent Email
Peakline Roofing Specialists,Roofing,· 0191 622 6827,https://www.peaklineroofingspecialists.co.uk/,Not Sent Email
EWS Roofing Specialists,Roofing,· 07507 830413,http://www.ewsroofing.co.uk/,Not Sent Email
GK ROOFING AND PROPERTY MAINTENANCE,Roofing,· 07828 496280,http://gkroofing.co.uk/,Not Sent Email
Bowman Roofing Services Ltd,Roofing,· 0191 625 0807,https://www.bowmanroofing.co.uk/,Not Sent Email
Whitley Bay Roofing,Roofing,· 0191 743 9165,https://whitleybayroofers.co.uk/,Not Sent Email
Falcus Roofing contractors,Roofing,· 07504 085885,http://www.falcusroofingltd.co.uk/,Not Sent Email
Jarrow Roofing,Roofing,· 07714 525549,http://jarrowroofing.com/,Not Sent Email
Trustmark Roofing and Building Ltd,Roofing,· 0191 489 5555,https://www.google.com/aclk?sa=L&ai=DChsSEwiA8Ouxy6mSAxUwlVAGHT4QDbMYACICCAEQARoCZGc&co=1&ase=2&gclid=Cj0KCQiAvtzLBhCPARIsALwhxdqvRrRKdL7JxbOQ1N861hfghk16k6frQAo1FEnlkgEmaVRUZ7-P-K4aApEFEALw_wcB&cce=2&category=acrcp_v1_32&sig=AOD64_0MHsdlAdvKkbx7K5uiPrWpzSzBMQ&adurl&q&ctype=99&nis=6,Not Sent Email
Bowman Roofing Services Ltd,Roofing,· 0191 625 0807,https://www.google.com/aclk?sa=L&ai=DChsSEwiA8Ouxy6mSAxUwlVAGHT4QDbMYACICCAEQABoCZGc&co=1&ase=2&gclid=Cj0KCQiAvtzLBhCPARIsALwhxdqFXMI3Pt4K1MyZR-EGx95XJwqyasTfJkp61phb0FhobtYGlI8CKVAaAuUjEALw_wcB&cce=2&category=acrcp_v1_32&sig=AOD64_1_gnM_yU4hnodAbw5oSGC2E7eEXg&adurl&q&ctype=99&nis=6,Not Sent Email
Arriva Roofing & Building LTD,Roofing,· 0191 649 4962,http://arrivaroofingandbuilding.co.uk/,Not Sent Email
Davidson Roofing and Building Services,Roofing,· 07964 258795,http://www.davidsonbuildingservices.co.uk/,Not Sent Email
Jasway ltd (roofing & building),Roofing,0191 266 6568,http://www.jasway.co.uk/,Not Sent Email
MICHAEL COOKSON ROOFING,Roofing,· 07581 401695,http://www.goodroofer.co.uk/,Not Sent Email
Ron Robinson Roofing,Roofing,· 01661 843832,http://www.ronrobinsonroofing.co.uk/,Not Sent Email
Ckm Roofing & Cladding,Roofing,· 07769 398589,https://ckm-roofing-and-cladding.ueniweb.com/?utm_campaign=gmb,Not Sent Email
Brian Scales Roofing Contractor,Roofing,· 07956 196447,https://roofingcompanysunderland.co.uk/,Not Sent Email
J Lamb & Son,Roofing,· 01670 518024,https://www.jlambandsonroofing.co.uk/,Not Sent Email
S J S Building & Roofing,Roofing,· 07961 934732,https://www.northumberlandroofer.co.uk/roofer-in-birtley/,Not Sent Email
R Green Roofing,Roofing,· 07939 880456,https://www.tyneandwearroofer.co.uk/roofer-in-birtley/,Not Sent Email
Warmestroof | Windows | Doors,Roofing,· 0191 486 2327,http://www.warmestroof.online/,Not Sent Email
North East Roofing Contractors,Roofing,· 0191 244 9587,https://northeastroofingcontractors.co.uk/,Not Sent Email
Wakefield Roofing,Roofing,· 0191 521 4702,http://www.wakefieldroofingsunderland.co.uk/,Not Sent Email
Marshalls Roofing Contractors,Roofing,· 07950 580504,https://www.northumberlandroofer.co.uk/roofer-in-morpeth/,Not Sent Email
John Sullivan Roofing Services,Roofing,· 0191 274 8568,http://johnsullivanroofingservices.co.uk/,Not Sent Email